{
    "width": 640,
    "height": 480,
    "camera_matrix": [
        [
            431.40250194060127,
            0.0,
            305.3088018079877
        ],
        [
            0.0,
            430.80457859689045,
            226.69947708315664
        ],
        [
            0.0,
            0.0,
            1.0
        ]
    ],
    "dist_coeffs": [
        [
            -0.3443949986526317,
            0.15409064932037891,
            0.0020695486658800083,
            0.0015887783857786223,
            -0.037435982870476836
        ]
    ],
    "new_camera_matrix": [
        [
            340.6672668457031,
            0.0,
            299.62909573358047
        ],
        [
            0.0,
            380.364013671875,
            223.9667700034188
        ],
        [
            0.0,
            0.0,
            1.0
        ]
    ]
}