{
    "width": 1280,
    "height": 720,
    "camera_matrix": [
        [
            631.3261599462008,
            0.0,
            621.3658885154007
        ],
        [
            0.0,
            631.5872327819553,
            345.5086961464045
        ],
        [
            0.0,
            0.0,
            1.0
        ]
    ],
    "dist_coeffs": [
        [
            -0.30844198240608306,
            0.10771512904524651,
            -5.846060912364786e-05,
            0.00025388983928919693,
            -0.017898881238007223
        ]
    ],
    "new_camera_matrix": [
        [
            630.8329467773438,
            0.0,
            620.8804509232941
        ],
        [
            0.0,
            630.7100219726562,
            345.0288268347904
        ],
        [
            0.0,
            0.0,
            1.0
        ]
    ]
}