{
    "width": 800,
    "height": 600,
    "camera_matrix": [
        [
            532.0257583570718,
            0.0,
            381.5670416284231
        ],
        [
            0.0,
            531.8606912908551,
            289.67148745847817
        ],
        [
            0.0,
            0.0,
            1.0
        ]
    ],
    "dist_coeffs": [
        [
            -0.33433231629293414,
            0.15198009889672534,
            -0.0002480267208628381,
            0.00025280820308241664,
            -0.038845515009055157
        ]
    ],
    "new_camera_matrix": [
        [
            421.658447265625,
            0.0,
            371.8918299842335
        ],
        [
            0.0,
            470.5262451171875,
            286.2513902776118
        ],
        [
            0.0,
            0.0,
            1.0
        ]
    ]
}