{
    "width": 1920,
    "height": 1080,
    "camera_matrix": [
        [
            590.9175037902435,
            0.0,
            974.1710353581119
        ],
        [
            0.0,
            596.1327476607416,
            570.0094129413225
        ],
        [
            0.0,
            0.0,
            1.0
        ]
    ],
    "dist_coeffs": [
        [
            -0.28888511270714146,
            0.06907874369209943,
            0.002343785012206013,
            -0.002719700888204787,
            -0.006348126850486287
        ]
    ]
}